"0,00000";"0,00000";"0,01386"
"0,10000";"0,28652";"0,00670"
"0,20000";"0,60503";"-0,00251"
"0,30000";"0,90619";"-0,00962"
"0,40000";"1,20629";"0,01066"
"0,50000";"1,50651";"-0,00618"
"0,60000";"1,80637";"-0,00621"
"0,70000";"2,10576";"0,00105"
"0,80000";"2,40621";"-0,00482"
"0,90000";"2,70631";"-0,00124"
"1,00000";"3,00593";"-0,01117"
"1,10000";"3,30603";"-0,00292"
"1,20000";"3,60613";"-0,00494"
"1,30000";"3,90622";"0,00114"
"1,40000";"4,20608";"0,01075"
"1,50000";"4,50606";"-0,01121"
"1,60000";"4,80592";"0,01122"
"1,70000";"5,10626";"-0,00467"
"1,80000";"5,40612";"0,02848"
"1,90000";"5,70633";"-0,00327"
"2,00000";"6,00608";"-0,00992"
"2,10000";"6,30582";"0,01674"
"2,20000";"6,60615";"0,00254"
"2,30000";"6,90625";"-0,00519"
"2,40000";"7,20623";"0,02603"
"2,50000";"7,50597";"-0,00134"
"2,60000";"7,80595";"0,00695"
"2,70000";"8,10593";"0,00503"
"2,80000";"8,40615";"0,01242"
"2,90000";"8,70601";"-0,00971"
"3,00000";"9,00634";"-0,01547"
"3,10000";"9,30620";"0,00271"
"3,20000";"9,60606";"0,00959"
"3,30000";"9,90592";"-0,00336"
"3,40000";"10,20626";"-0,00477"
"3,50000";"10,50624";"-0,00632"
"3,60000";"10,80610";"-0,00283"
"3,70000";"11,10596";"0,01081"
"3,80000";"11,40617";"0,00461"
"3,90000";"11,70603";"0,00912"
"4,00000";"12,00601";"0,00257"
"4,10000";"12,30623";"0,00145"
"4,20000";"12,60550";"0,01635"
"4,30000";"12,90583";"0,00735"
"4,40000";"13,20628";"-0,02035"
"4,50000";"13,50603";"-0,02218"
"4,60000";"13,80589";"0,00266"
"4,70000";"14,10622";"0,00474"
"4,80000";"14,40620";"0,00611"
"4,90000";"14,70606";"0,00899"
"5,00000";"15,00604";"-0,01137"
"5,10000";"15,30578";"0,00225"
"5,20000";"15,60612";"0,02000"
"5,30000";"15,90610";"0,00834"
"5,40000";"16,20608";"0,02527"
"5,50000";"16,50606";"-0,00365"
"5,60000";"16,80592";"0,00916"
"5,70000";"17,10602";"0,00714"
"5,80000";"17,40623";"0,00437"
"5,90000";"17,70609";"0,00258"
"6,00000";"18,00607";"-0,00053"
"6,10000";"18,30605";"-0,01136"
"6,20000";"18,60591";"-0,00716"
"6,30000";"18,90613";"0,00140"
"6,40000";"19,20599";"-0,00095"
"6,50000";"19,50620";"0,00738"
"6,60000";"19,80630";"-0,00831"
"6,70000";"20,10616";"0,01364"
"6,80000";"20,40590";"-0,00730"
"6,90000";"20,70624";"0,00511"
"7,00000";"21,00622";"0,00969"
"7,10000";"21,30608";"0,00543"
"7,20000";"21,60605";"-0,00571"
"7,30000";"21,90603";"-0,00637"
"7,40000";"22,20590";"0,00444"
"7,50000";"22,50611";"-0,01235"
"7,60000";"22,80632";"-0,01931"
"7,70000";"23,10607";"0,00607"
"7,80000";"23,40581";"-0,01789"
"7,90000";"23,70626";"0,01222"
"8,00000";"24,00636";"-0,01039"
"8,10000";"24,30622";"0,00209"
"8,20000";"24,60632";"-0,00730"
"8,30000";"24,90606";"0,01521"
"8,40000";"25,20604";"0,00688"
"8,50000";"25,50638";"0,00303"
"8,60000";"25,80588";"-0,00489"
"8,70000";"26,10622";"-0,01575"
"8,80000";"26,40619";"0,01348"
"8,90000";"26,70606";"-0,00319"
"9,00000";"27,00603";"-0,00799"
"9,10000";"27,30613";"0,00221"
"9,20000";"27,60588";"0,01843"
"9,30000";"27,90621";"0,00338"
"9,40000";"28,20607";"-0,01013"
"9,50000";"28,50605";"0,02180"
"9,60000";"28,80614";"-0,00279"
"9,70000";"29,10601";"0,00069"
"9,80000";"29,40599";"0,01399"
"9,90000";"29,70608";"0,01340"
"9,99800";"30,00028";"-0,00306"
"10,00000";"30,00630";"-0,00290"
"10,10000";"30,10983";"0,01857"
"10,20000";"30,20074";"0,01276"
"10,30000";"30,30002";"0,00019"
"10,40000";"30,40001";"0,01279"
"10,50000";"30,50013";"-0,00163"
"10,60000";"30,60000";"0,03196"
"10,70000";"30,70023";"0,00510"
"10,80000";"30,79998";"0,01792"
"10,90000";"30,89998";"0,00143"
"11,00000";"31,00021";"0,00006"
"11,10000";"31,10008";"0,01373"
"11,20000";"31,20008";"0,00515"
"11,30000";"31,29995";"0,00358"
"11,40000";"31,40018";"0,01360"
"11,50000";"31,50029";"0,00087"
"11,60000";"31,59993";"-0,00729"
"11,70000";"31,69993";"-0,00052"
"11,80000";"31,80004";"0,01007"
"11,90000";"31,89991";"0,00094"
"12,00000";"32,00014";"0,00076"
"12,10000";"32,10013";"0,00691"
"12,20000";"32,20013";"-0,01837"
"12,30000";"32,30000";"-0,00166"
"12,40000";"32,39999";"0,00532"
"12,50000";"32,50022";"-0,00950"
"12,60000";"32,60010";"0,01957"
"12,70000";"32,69986";"-0,00468"
"12,80000";"32,80032";"-0,00324"
"12,90000";"32,89996";"0,01755"
"13,00000";"33,00007";"0,00516"
"13,10000";"33,10006";"0,00311"
"13,20000";"33,20005";"-0,00298"
"13,30000";"33,30029";"0,01127"
"13,40000";"33,40016";"-0,00316"
"13,50000";"33,50015";"0,01129"
"13,60000";"33,60003";"0,01466"
"13,70000";"33,70014";"0,00700"
"13,80000";"33,79978";"-0,00073"
"13,90000";"33,90013";"-0,01760"
"14,00000";"34,00012";"-0,00274"
"14,10000";"34,10011";"0,03657"
"14,20000";"34,20011";"0,25683"
"14,30000";"34,29998";"0,54292"
"14,40000";"34,40009";"0,92014"
"14,50000";"34,50032";"2,09699"
"14,60000";"34,60008";"4,52804"
"14,70000";"34,70019";"6,06367"
"14,80000";"34,80030";"7,03548"
"14,90000";"34,89994";"7,67602"
"15,00000";"34,99993";"8,04097"
"15,10000";"35,10004";"8,20639"
"15,20000";"35,20015";"8,22827"
"15,30000";"35,30015";"8,19434"
"15,40000";"35,40002";"8,13318"
"15,50000";"35,50001";"8,05607"
"15,60000";"35,60001";"8,02318"
"15,70000";"35,70012";"7,93044"
"15,80000";"35,80023";"7,79511"
"15,90000";"35,90022";"7,16718"
"16,00000";"35,99986";"5,60749"
"16,10000";"36,10021";"3,45197"
"16,20000";"36,19984";"4,21294"
"16,30000";"36,30008";"4,94816"
"16,40000";"36,40030";"5,83944"
"16,50000";"36,49983";"6,91114"
"16,60000";"36,60018";"7,46308"
"16,70000";"36,70029";"7,75810"
"16,80000";"36,80004";"7,96798"
"16,90000";"36,90004";"8,06248"
"17,00000";"37,00003";"8,03636"
"17,10000";"37,09991";"7,95951"
"17,20000";"37,20025";"8,12928"
"17,30000";"37,30013";"8,11217"
"17,40000";"37,39988";"8,19207"
"17,50000";"37,50011";"8,21688"
"17,60000";"37,60011";"8,23192"
"17,70000";"37,70022";"8,22464"
"17,80000";"37,79985";"8,20610"
"17,90000";"37,89985";"8,15685"
"18,00000";"38,00019";"8,21858"
"18,10000";"38,10019";"8,21702"
"18,20000";"38,19983";"8,00459"
"18,30000";"38,30005";"8,18562"
"18,40000";"38,40017";"8,26190"
"18,50000";"38,50016";"8,27213"
"18,60000";"38,60015";"8,27208"
"18,70000";"38,70038";"8,26818"
"18,80000";"38,79990";"8,27061"
"18,90000";"38,89990";"8,28278"
"19,00000";"39,00013";"8,29992"
"19,10000";"39,10036";"8,31361"
"19,20000";"39,20023";"8,32178"
"19,30000";"39,30022";"8,31428"
"19,40000";"39,40009";"8,32169"
"19,50000";"39,49997";"8,32263"
"19,60000";"39,60009";"8,33626"
"19,70000";"39,69996";"8,32192"
"19,80000";"39,79995";"8,33772"
"19,90000";"39,90018";"8,33477"
"20,00000";"40,00018";"8,34965"
"20,10000";"40,09993";"8,34843"
"20,20000";"40,20016";"8,34801"
"20,30000";"40,30015";"8,36564"
"20,40000";"40,40003";"8,36604"
"20,50000";"40,50026";"8,36796"
"20,60000";"40,60025";"8,38867"
"20,70000";"40,70013";"8,37044"
"20,80000";"40,80012";"8,36620"
"20,90000";"40,89999";"8,39240"
"21,00000";"40,99998";"8,40067"
"21,10000";"41,10022";"8,40588"
"21,20000";"41,20009";"8,39665"
"21,30000";"41,29996";"8,41323"
"21,40000";"41,39996";"8,43635"
"21,50000";"41,49995";"8,42466"
"21,60000";"41,60006";"8,44529"
"21,70000";"41,69994";"8,44705"
"21,80000";"41,80017";"8,44837"
"21,90000";"41,90016";"8,44702"
"22,00000";"42,00004";"8,45706"
"22,10000";"42,09991";"8,45112"
"22,20000";"42,20002";"8,47999"
"22,30000";"42,30001";"8,47075"
"22,40000";"42,40001";"8,48459"
"22,50000";"42,50012";"8,50938"
"22,60000";"42,60011";"8,49650"
"22,70000";"42,69999";"8,49069"
"22,80000";"42,79998";"8,49331"
"22,90000";"42,90021";"8,51273"
"23,00000";"42,99973";"8,51134"
"23,10000";"43,10008";"8,54344"
"23,20000";"43,20031";"8,54981"
"23,30000";"43,29995";"8,52612"
"23,40000";"43,39994";"8,54675"
"23,50000";"43,50017";"8,53710"
"23,60000";"43,59993";"8,54896"
"23,70000";"43,70015";"8,53763"
"23,80000";"43,80027";"8,55588"
"23,90000";"43,90014";"8,56205"
"24,00000";"44,00025";"8,58228"
"24,10000";"44,10013";"8,55893"
"24,20000";"44,20024";"8,51566"
"24,30000";"44,30023";"8,53921"
"24,40000";"44,39964";"8,49519"
"24,50000";"44,49998";"8,52035"
"24,60000";"44,60021";"8,47791"
"24,70000";"44,70020";"8,46820"
"24,80000";"44,79996";"8,44183"
"24,90000";"44,90018";"8,42499"
"25,00000";"45,00030";"8,40898"
