"0,00000";"0,00000";"0,22881"
"0,10000";"0,28865";"0,21860"
"0,20000";"0,60515";"0,19720"
"0,30000";"0,90596";"0,20342"
"0,40000";"1,20617";"0,20605"
"0,50000";"1,50627";"0,19158"
"0,60000";"1,80601";"0,20461"
"0,70000";"2,10599";"0,20942"
"0,80000";"2,40597";"0,21754"
"0,90000";"2,70595";"0,20457"
"1,00000";"3,00617";"0,21105"
"1,10000";"3,30626";"0,22036"
"1,20000";"3,60577";"0,21051"
"1,30000";"3,90587";"0,22711"
"1,40000";"4,20597";"0,20856"
"1,50000";"4,50630";"0,21489"
"1,60000";"4,80604";"0,20323"
"1,70000";"5,10590";"0,21948"
"1,80000";"5,40600";"0,20607"
"1,90000";"5,70598";"0,22617"
"2,00000";"6,00596";"0,21798"
"2,10000";"6,30606";"0,19205"
"2,20000";"6,60603";"0,21181"
"2,30000";"6,90613";"0,22292"
"2,40000";"7,20587";"0,20953"
"2,50000";"7,50597";"0,21606"
"2,60000";"7,80619";"0,20973"
"2,70000";"8,10605";"0,22486"
"2,80000";"8,40591";"0,22285"
"2,90000";"8,70613";"0,21590"
"3,00000";"9,00599";"0,21249"
"3,10000";"9,30597";"0,21745"
"3,20000";"9,60606";"0,20146"
"3,30000";"9,90581";"0,20255"
"3,40000";"10,20602";"0,21759"
"3,50000";"10,50612";"0,22203"
"3,60000";"10,80563";"0,20947"
"3,70000";"11,10608";"0,22447"
"3,80000";"11,40594";"0,21167"
"3,90000";"11,70615";"0,21068"
"4,00000";"12,00625";"0,22522"
"4,10000";"12,30587";"0,21254"
"4,20000";"12,60597";"0,20947"
"4,30000";"12,90595";"0,21675"
"4,40000";"13,20593";"0,21723"
"4,50000";"13,50603";"0,22400"
"4,60000";"13,80589";"0,21171"
"4,70000";"14,10587";"0,21371"
"4,80000";"14,40585";"0,23558"
"4,90000";"14,70583";"0,20735"
"5,00000";"15,00616";"0,21371"
"5,10000";"15,30614";"0,22140"
"5,20000";"15,60600";"0,22078"
"5,30000";"15,90586";"0,20335"
"5,40000";"16,20596";"0,22023"
"5,50000";"16,50594";"0,21255"
"5,60000";"16,80592";"0,20919"
"5,70000";"17,10613";"0,20210"
"5,80000";"17,40611";"0,20519"
"5,90000";"17,70597";"0,20622"
"6,00000";"18,00595";"0,20697"
"6,10000";"18,30629";"0,20961"
"6,20000";"18,60603";"0,21141"
"6,30000";"18,90601";"0,19399"
"6,40000";"19,20587";"0,22348"
"6,50000";"19,50597";"0,23016"
"6,60000";"19,80583";"0,22195"
"6,70000";"20,10604";"0,20350"
"6,80000";"20,40590";"0,23156"
"6,90000";"20,70600";"0,20973"
"7,00000";"21,00610";"0,22701"
"7,10000";"21,30596";"0,21025"
"7,20000";"21,60617";"0,21762"
"7,30000";"21,90615";"0,21799"
"7,40000";"22,20601";"0,22376"
"7,50000";"22,50599";"0,22489"
"7,60000";"22,80597";"0,21636"
"7,70000";"23,10607";"0,21798"
"7,80000";"23,40593";"0,22893"
"7,90000";"23,70615";"0,21961"
"8,00000";"24,00601";"0,23909"
"8,10000";"24,30610";"0,21856"
"8,20000";"24,60596";"0,19513"
"8,30000";"24,90583";"0,21433"
"8,40000";"25,20569";"0,21095"
"8,50000";"25,50602";"0,21314"
"8,60000";"25,80600";"0,21190"
"8,70000";"26,10610";"0,22762"
"8,80000";"26,40596";"0,22490"
"8,90000";"26,70606";"0,23110"
"9,00000";"27,00615";"0,20772"
"9,10000";"27,30602";"0,22011"
"9,20000";"27,60623";"0,22604"
"9,30000";"27,90633";"0,19542"
"9,40000";"28,20572";"0,22092"
"9,50000";"28,50593";"0,21959"
"9,60000";"28,80614";"0,21669"
"9,70000";"29,10601";"0,22317"
"9,80000";"29,40587";"0,23229"
"9,90000";"29,70585";"0,22770"
"10,00000";"30,00583";"0,21871"
"10,00200";"30,01173";"0,22004"
"10,10200";"30,11267";"0,21886"
"10,20200";"30,20463";"0,21103"
"10,30200";"30,30392";"0,22363"
"10,40200";"30,40403";"0,23205"
"10,50200";"30,50379";"0,21647"
"10,60200";"30,60390";"0,21766"
"10,70200";"30,70401";"0,20679"
"10,80200";"30,80412";"0,22021"
"10,90200";"30,90411";"0,21763"
"11,00200";"31,00387";"0,23209"
"11,10200";"31,10398";"0,19762"
"11,20200";"31,20397";"0,23332"
"11,30200";"31,30408";"0,21209"
"11,40200";"31,40420";"0,22466"
"11,50200";"31,50395";"0,21236"
"11,60200";"31,60395";"0,22701"
"11,70200";"31,70405";"0,22386"
"11,80200";"31,80393";"0,21365"
"11,90200";"31,90404";"0,20866"
"12,00200";"32,00392";"0,20617"
"12,10200";"32,10426";"0,22854"
"12,20200";"32,20414";"0,20897"
"12,30200";"32,30401";"0,22798"
"12,40200";"32,40413";"0,38838"
"12,50200";"32,50376";"1,19065"
"12,60200";"32,60387";"4,10127"
"12,70200";"32,70387";"7,48121"
"12,80200";"32,80422";"8,64844"
"12,90200";"32,90409";"9,27755"
"13,00200";"33,00373";"9,58063"
"13,10200";"33,10396";"9,52673"
"13,20200";"33,20407";"9,26190"
"13,30200";"33,30395";"8,94403"
"13,40200";"33,40417";"8,56205"
"13,50200";"33,50405";"8,08748"
"13,60200";"33,60380";"7,69440"
"13,70200";"33,70415";"7,35195"
"13,80200";"33,80379";"7,01474"
"13,90200";"33,90402";"6,74001"
"14,00200";"34,00425";"6,45846"
"14,10200";"34,10389";"6,20718"
"14,20200";"34,20412";"5,97668"
"14,30200";"34,30411";"5,74588"
"14,40200";"34,40387";"5,55124"
"14,50200";"34,50398";"5,35466"
"14,60200";"34,60397";"5,15380"
"14,70200";"34,70397";"5,04554"
"14,80200";"34,80420";"4,90428"
"14,90200";"34,90395";"4,79429"
"15,00200";"35,00371";"4,84056"
"15,10200";"35,10394";"4,89908"
"15,20200";"35,20393";"4,89502"
"15,30200";"35,30416";"4,88209"
"15,40200";"35,40403";"4,83829"
"15,50200";"35,50391";"4,82435"
"15,60200";"35,60414";"4,76713"
"15,70200";"35,70390";"4,74028"
"15,80200";"35,80365";"4,72300"
"15,90200";"35,90400";"4,66545"
"16,00200";"36,00411";"4,63477"
"16,10200";"36,10411";"4,62219"
"16,20200";"36,20398";"4,59586"
"16,30200";"36,30409";"4,57312"
"16,40200";"36,40396";"4,54650"
"16,50200";"36,50408";"4,53022"
"16,60200";"36,60419";"4,51398"
"16,70200";"36,70418";"4,51410"
"16,80200";"36,80406";"4,49525"
"16,90200";"36,90429";"4,50541"
"17,00200";"37,00404";"4,49392"
"17,10200";"37,10392";"4,49896"
"17,20200";"37,20379";"4,47031"
"17,30200";"37,30414";"4,47334"
"17,40200";"37,40401";"4,46982"
"17,50200";"37,50412";"4,50852"
"17,60200";"37,60400";"4,49385"
"17,70200";"37,70375";"4,56410"
"17,80200";"37,80399";"4,60024"
"17,90200";"37,90422";"4,62858"
"18,00200";"38,00397";"4,66504"
"18,10200";"38,10408";"4,70341"
"18,20200";"38,20420";"4,69320"
"18,30200";"38,30407";"4,70908"
"18,40200";"38,40395";"4,74389"
"18,50200";"38,50382";"4,78770"
"18,60200";"38,60393";"4,80253"
"18,70200";"38,70404";"4,89002"
"18,80200";"38,80404";"4,94036"
"18,90200";"38,90403";"4,98122"
"19,00200";"39,00391";"5,02554"
"19,10200";"39,10390";"5,07704"
"19,20200";"39,20401";"5,16837"
"19,30200";"39,30388";"5,27485"
"19,40200";"39,40411";"5,41408"
"19,50200";"39,50399";"5,58629"
"19,60200";"39,60398";"5,66693"
"19,70200";"39,70397";"5,74291"
"19,80200";"39,80397";"5,80144"
"19,90200";"39,90396";"5,79772"
"20,00200";"40,00384";"5,85436"
"20,10200";"40,10406";"5,92886"
"20,20200";"40,20406";"5,98746"
"20,30200";"40,30393";"6,04813"
"20,40200";"40,40392";"6,12190"
"20,50200";"40,50415";"6,17772"
"20,60200";"40,60391";"6,21736"
"20,70200";"40,70402";"6,26661"
"20,80200";"40,80401";"6,33863"
"20,90200";"40,90377";"6,41778"
"21,00200";"41,00388";"6,45929"
"21,10200";"41,10423";"6,47531"
"21,20200";"41,20387";"6,42254"
"21,30200";"41,30410";"6,34684"
"21,40200";"41,40421";"6,29503"
"21,50200";"41,50397";"6,21423"
"21,60200";"41,60396";"6,16613"
"21,70200";"41,70407";"6,08460"
"21,80200";"41,80418";"5,97881"
"21,90200";"41,90406";"5,89967"
"22,00200";"42,00417";"5,80718"
"22,10200";"42,10392";"5,73170"
"22,20200";"42,20392";"5,71717"
"22,30200";"42,30391";"5,64455"
"22,40200";"42,40402";"5,59875"
"22,50200";"42,50413";"5,56767"
"22,60200";"42,60413";"5,55469"
"22,70200";"42,70412";"5,54730"
"22,80200";"42,80411";"5,48980"
"22,90200";"42,90398";"5,46187"
"23,00200";"43,00410";"5,42183"
"23,10200";"43,10409";"5,42015"
"23,20200";"43,20396";"5,40257"
"23,30200";"43,30408";"5,36456"
"23,40200";"43,40407";"5,37168"
"23,50200";"43,50383";"5,35257"
"23,60200";"43,60394";"5,33345"
"23,70200";"43,70393";"5,31268"
"23,80200";"43,80416";"5,30678"
"23,90200";"43,90416";"5,27656"
"24,00200";"44,00403";"5,25352"
"24,10200";"44,10402";"5,26309"
"24,20200";"44,20389";"5,23695"
"24,30200";"44,30401";"5,20349"
"24,40200";"44,40400";"5,23039"
"24,50200";"44,50399";"5,21213"
"24,60200";"44,60399";"5,21762"
"24,70200";"44,70374";"5,22442"
"24,80200";"44,80397";"5,24511"
"24,90200";"44,90397";"5,26191"
"25,00000";"45,00195";"5,28875"
